試験,太郎,東京都,千代田区,AB,,,,,1,
八木橋,朋也,埼玉県,川口市,B,ゲーム,映画鑑賞,読書,,2,
八木橋,朋也,埼玉県,川口市,B,ゲーム,映画鑑賞,読書,,3,
八木橋,朋也,埼玉県,川口市,B,ゲーム,映画鑑賞,読書,,4,
八木橋,朋也,埼玉県,川口市,B,ゲーム,映画鑑賞,読書,,5,
八木橋,朋也,埼玉県,川口市,B,ゲーム,映画鑑賞,読書,,6,
八木橋,朋也,埼玉県,川口市,B,ゲーム,映画鑑賞,読書,,7,
八木橋,朋也,埼玉県,川口市,B,ゲーム,映画鑑賞,読書,,8,
八木橋,朋也,埼玉県,川口市,B,ゲーム,映画鑑賞,読書,,9,
八木橋,朋也,埼玉県,川口市,B,ゲーム,映画鑑賞,読書,,10,
八木橋,朋也,埼玉県,川口市,B,ゲーム,映画鑑賞,読書,,11,
八木橋,朋也,埼玉県,川口市,B,ゲーム,映画鑑賞,読書,,12,
八木橋,朋也,埼玉県,川口市,B,ゲーム,映画鑑賞,読書,,13,
八木橋,朋也,埼玉県,川口市,B,ゲーム,映画鑑賞,読書,,14,
八木橋,朋也,埼玉県,川口市,B,ゲーム,映画鑑賞,読書,,15,
八木橋,朋也,埼玉県,川口市,B,ゲーム,映画鑑賞,読書,,16,
八木橋,朋也,埼玉県,川口市,B,ゲーム,映画鑑賞,読書,,17,
八木橋,朋也,埼玉県,川口市,B,ゲーム,映画鑑賞,読書,,18,
八木橋,朋也,埼玉県,川口市,B,ゲーム,映画鑑賞,読書,,19,
八木橋,朋也,埼玉県,川口市,B,ゲーム,映画鑑賞,読書,,20,
八木橋,朋也,埼玉県,川口市,B,ゲーム,映画鑑賞,読書,,21,
八木橋,朋也,埼玉県,川口市,B,ゲーム,映画鑑賞,読書,,22,
八木橋,朋也,埼玉県,川口市,B,ゲーム,映画鑑賞,読書,,23,
八木橋,朋也,埼玉県,川口市,B,ゲーム,映画鑑賞,読書,,24,
八木橋,朋也,埼玉県,川口市,B,ゲーム,映画鑑賞,読書,,25,
八木橋,朋也,埼玉県,川口市,B,ゲーム,映画鑑賞,読書,,26,
八木橋,朋也,埼玉県,川口市,B,ゲーム,映画鑑賞,読書,,27,
八木橋,朋也,埼玉県,川口市,B,ゲーム,映画鑑賞,読書,,28,
八木橋,朋也,埼玉県,川口市,B,ゲーム,映画鑑賞,読書,,29,
八木橋,朋也,埼玉県,川口市,B,ゲーム,映画鑑賞,読書,,30,
八木橋,朋也,埼玉県,川口市,B,ゲーム,映画鑑賞,読書,,31,
八木橋,朋也,埼玉県,川口市,B,ゲーム,映画鑑賞,読書,,32,
八木橋,朋也,埼玉県,川口市,B,ゲーム,映画鑑賞,読書,,33,
八木橋,朋也,埼玉県,川口市,B,ゲーム,映画鑑賞,読書,,34,
八木橋,朋也,埼玉県,川口市,B,ゲーム,映画鑑賞,読書,,35,
八木橋,朋也,埼玉県,川口市,B,ゲーム,映画鑑賞,読書,,36,
八木橋,朋也,埼玉県,川口市,B,ゲーム,映画鑑賞,読書,,37,
八木橋,朋也,埼玉県,川口市,B,ゲーム,映画鑑賞,読書,,38,
八木橋,朋也,埼玉県,川口市,B,ゲーム,映画鑑賞,読書,,39,
八木橋,朋也,埼玉県,川口市,B,ゲーム,映画鑑賞,読書,,40,
八木橋,朋也,埼玉県,川口市,B,ゲーム,映画鑑賞,読書,,41,
八木橋,朋也,埼玉県,川口市,B,ゲーム,映画鑑賞,読書,,42,
八木橋,朋也,埼玉県,川口市,B,ゲーム,映画鑑賞,読書,,43,
八木橋,朋也,埼玉県,川口市,B,ゲーム,映画鑑賞,読書,,44,
八木橋,朋也,埼玉県,川口市,B,ゲーム,映画鑑賞,読書,,45,
八木橋,朋也,埼玉県,川口市,B,ゲーム,映画鑑賞,読書,,46,
八木橋,朋也,埼玉県,川口市,B,ゲーム,映画鑑賞,読書,,47,
八木橋,朋也,埼玉県,川口市,B,ゲーム,映画鑑賞,読書,,48,
八木橋,朋也,埼玉県,川口市,B,ゲーム,映画鑑賞,読書,,49,
八木橋,朋也,埼玉県,川口市,B,ゲーム,映画鑑賞,読書,,50,
八木橋,朋也,埼玉県,川口市,B,ゲーム,映画鑑賞,読書,,51,
八木橋,朋也,埼玉県,川口市,B,ゲーム,映画鑑賞,読書,,52,
八木橋,朋也,埼玉県,川口市,B,ゲーム,映画鑑賞,読書,,53,
八木橋,朋也,埼玉県,川口市,B,ゲーム,映画鑑賞,読書,,54,
八木橋,朋也,埼玉県,川口市,B,ゲーム,映画鑑賞,読書,,55,
八木橋,朋也,埼玉県,川口市,B,ゲーム,映画鑑賞,読書,,56,
八木橋,朋也,埼玉県,川口市,B,ゲーム,映画鑑賞,読書,,57,
八木橋,朋也,埼玉県,川口市,B,ゲーム,映画鑑賞,読書,,58,
八木橋,朋也,埼玉県,川口市,B,ゲーム,映画鑑賞,読書,,59,
八木橋,朋也,埼玉県,川口市,B,ゲーム,映画鑑賞,読書,,60,
八木橋,朋也,埼玉県,川口市,B,ゲーム,映画鑑賞,読書,,61,
八木橋,朋也,埼玉県,川口市,B,ゲーム,映画鑑賞,読書,,62,
八木橋,朋也,埼玉県,川口市,B,ゲーム,映画鑑賞,読書,,63,
八木橋,朋也,埼玉県,川口市,B,ゲーム,映画鑑賞,読書,,64,
八木橋,朋也,埼玉県,川口市,B,ゲーム,映画鑑賞,読書,,65,
八木橋,朋也,埼玉県,川口市,B,ゲーム,映画鑑賞,読書,,66,
八木橋,朋也,埼玉県,川口市,B,ゲーム,映画鑑賞,読書,,67,
八木橋,朋也,埼玉県,川口市,B,ゲーム,映画鑑賞,読書,,68,
八木橋,朋也,埼玉県,川口市,B,ゲーム,映画鑑賞,読書,,69,
八木橋,朋也,埼玉県,川口市,B,ゲーム,映画鑑賞,読書,,70,
八木橋,朋也,埼玉県,川口市,B,ゲーム,映画鑑賞,読書,,71,
八木橋,朋也,埼玉県,川口市,B,ゲーム,映画鑑賞,読書,,72,
八木橋,朋也,埼玉県,川口市,B,ゲーム,映画鑑賞,読書,,73,
八木橋,朋也,埼玉県,川口市,B,ゲーム,映画鑑賞,読書,,74,
八木橋,朋也,埼玉県,川口市,B,ゲーム,映画鑑賞,読書,,75,
八木橋,朋也,埼玉県,川口市,B,ゲーム,映画鑑賞,読書,,76,
八木橋,朋也,埼玉県,川口市,B,ゲーム,映画鑑賞,読書,,77,
八木橋,朋也,埼玉県,川口市,B,ゲーム,映画鑑賞,読書,,78,
八木橋,朋也,埼玉県,川口市,B,ゲーム,映画鑑賞,読書,,79,
八木橋,朋也,埼玉県,川口市,B,ゲーム,映画鑑賞,読書,,80,
八木橋,朋也,埼玉県,川口市,B,ゲーム,映画鑑賞,読書,,81,
八木橋,朋也,埼玉県,川口市,B,ゲーム,映画鑑賞,読書,,82,
八木橋,朋也,埼玉県,川口市,B,ゲーム,映画鑑賞,読書,,83,
八木橋,朋也,埼玉県,川口市,B,ゲーム,映画鑑賞,読書,,84,
八木橋,朋也,埼玉県,川口市,B,ゲーム,映画鑑賞,読書,,85,
八木橋,朋也,埼玉県,川口市,B,ゲーム,映画鑑賞,読書,,86,
八木橋,朋也,埼玉県,川口市,B,ゲーム,映画鑑賞,読書,,87,
八木橋,朋也,埼玉県,川口市,B,ゲーム,映画鑑賞,読書,,88,
八木橋,朋也,埼玉県,川口市,B,ゲーム,映画鑑賞,読書,,89,
八木橋,朋也,埼玉県,川口市,B,ゲーム,映画鑑賞,読書,,90,
八木橋,朋也,埼玉県,川口市,B,ゲーム,映画鑑賞,読書,,91,
八木橋,朋也,埼玉県,川口市,B,ゲーム,映画鑑賞,読書,,92,
八木橋,朋也,埼玉県,川口市,B,ゲーム,映画鑑賞,読書,,93,
八木橋,朋也,埼玉県,川口市,B,ゲーム,映画鑑賞,読書,,94,
八木橋,朋也,埼玉県,川口市,B,ゲーム,映画鑑賞,読書,,95,
八木橋,朋也,埼玉県,川口市,B,ゲーム,映画鑑賞,読書,,96,
八木橋,朋也,埼玉県,川口市,B,ゲーム,映画鑑賞,読書,,97,
八木橋,朋也,埼玉県,川口市,B,ゲーム,映画鑑賞,読書,,98,
八木橋,朋也,埼玉県,川口市,B,ゲーム,映画鑑賞,読書,,99,
八木橋,朋也,埼玉県,川口市,B,ゲーム,映画鑑賞,読書,,100,
八木橋,朋也,埼玉県,川口市,B,ゲーム,映画鑑賞,読書,,101,
八木橋,朋也,埼玉県,川口市,B,ゲーム,映画鑑賞,読書,,102,
八木橋,朋也,埼玉県,川口市,B,ゲーム,映画鑑賞,読書,,103,
八木橋,朋也,埼玉県,川口市,B,ゲーム,映画鑑賞,読書,,104,
八木橋,朋也,埼玉県,川口市,B,ゲーム,映画鑑賞,読書,,105,
八木橋,朋也,埼玉県,川口市,B,ゲーム,映画鑑賞,読書,,106,
八木橋,朋也,埼玉県,川口市,B,ゲーム,映画鑑賞,読書,,107,
八木橋,朋也,埼玉県,川口市,B,ゲーム,映画鑑賞,読書,,108,
八木橋,朋也,埼玉県,川口市,B,ゲーム,映画鑑賞,読書,,109,
八木橋,朋也,埼玉県,川口市,B,ゲーム,映画鑑賞,読書,,110,
八木橋,朋也,埼玉県,川口市,B,ゲーム,映画鑑賞,読書,,111,
八木橋,朋也,埼玉県,川口市,B,ゲーム,映画鑑賞,読書,,112,
八木橋,朋也,埼玉県,川口市,B,ゲーム,映画鑑賞,読書,,113,
八木橋,朋也,埼玉県,川口市,B,ゲーム,映画鑑賞,読書,,114,
八木橋,朋也,埼玉県,川口市,B,ゲーム,映画鑑賞,読書,,115,
八木橋,朋也,埼玉県,川口市,B,ゲーム,映画鑑賞,読書,,116,
八木橋,朋也,埼玉県,川口市,B,ゲーム,映画鑑賞,読書,,117,
八木橋,朋也,埼玉県,川口市,B,ゲーム,映画鑑賞,読書,,118,
八木橋,朋也,埼玉県,川口市,B,ゲーム,映画鑑賞,読書,,119,
八木橋,朋也,埼玉県,川口市,B,ゲーム,映画鑑賞,読書,,120,
八木橋,朋也,埼玉県,川口市,B,ゲーム,映画鑑賞,読書,,121,
八木橋,朋也,埼玉県,川口市,B,ゲーム,映画鑑賞,読書,,122,
八木橋,朋也,埼玉県,川口市,B,ゲーム,映画鑑賞,読書,,123,
八木橋,朋也,埼玉県,川口市,B,ゲーム,映画鑑賞,読書,,124,
八木橋,朋也,埼玉県,川口市,B,ゲーム,映画鑑賞,読書,,125,
八木橋,朋也,埼玉県,川口市,B,ゲーム,映画鑑賞,読書,,126,
八木橋,朋也,埼玉県,川口市,B,ゲーム,映画鑑賞,読書,,127,
八木橋,朋也,埼玉県,川口市,B,ゲーム,映画鑑賞,読書,,128,
八木橋,朋也,埼玉県,川口市,B,ゲーム,映画鑑賞,読書,,129,
八木橋,朋也,埼玉県,川口市,B,ゲーム,映画鑑賞,読書,,130,
八木橋,朋也,埼玉県,川口市,B,ゲーム,映画鑑賞,読書,,131,
八木橋,朋也,埼玉県,川口市,B,ゲーム,映画鑑賞,読書,,132,
八木橋,朋也,埼玉県,川口市,B,ゲーム,映画鑑賞,読書,,133,
八木橋,朋也,埼玉県,川口市,B,ゲーム,映画鑑賞,読書,,134,
八木橋,朋也,埼玉県,川口市,B,ゲーム,映画鑑賞,読書,,135,
八木橋,朋也,埼玉県,川口市,B,ゲーム,映画鑑賞,読書,,136,
八木橋,朋也,埼玉県,川口市,B,ゲーム,映画鑑賞,読書,,137,
八木橋,朋也,埼玉県,川口市,B,ゲーム,映画鑑賞,読書,,138,
八木橋,朋也,埼玉県,川口市,B,ゲーム,映画鑑賞,読書,,139,
八木橋,朋也,埼玉県,川口市,B,ゲーム,映画鑑賞,読書,,140,
八木橋,朋也,埼玉県,川口市,B,ゲーム,映画鑑賞,読書,,141,
八木橋,朋也,埼玉県,川口市,B,ゲーム,映画鑑賞,読書,,142,
八木橋,朋也,埼玉県,川口市,B,ゲーム,映画鑑賞,読書,,143,
八木橋,朋也,埼玉県,川口市,B,ゲーム,映画鑑賞,読書,,144,
八木橋,朋也,埼玉県,川口市,B,ゲーム,映画鑑賞,読書,,145,
八木橋,朋也,埼玉県,川口市,B,ゲーム,映画鑑賞,読書,,146,
八木橋,朋也,埼玉県,川口市,B,ゲーム,映画鑑賞,読書,,147,
八木橋,朋也,埼玉県,川口市,B,ゲーム,映画鑑賞,読書,,148,
八木橋,朋也,埼玉県,川口市,B,ゲーム,映画鑑賞,読書,,149,
八木橋,朋也,埼玉県,川口市,B,ゲーム,映画鑑賞,読書,,150,
八木橋,朋也,埼玉県,川口市,B,ゲーム,映画鑑賞,読書,,151,
八木橋,朋也,埼玉県,川口市,B,ゲーム,映画鑑賞,読書,,152,
八木橋,朋也,埼玉県,川口市,B,ゲーム,映画鑑賞,読書,,153,
八木橋,朋也,埼玉県,川口市,B,ゲーム,映画鑑賞,読書,,154,
八木橋,朋也,埼玉県,川口市,B,ゲーム,映画鑑賞,読書,,155,
八木橋,朋也,埼玉県,川口市,B,ゲーム,映画鑑賞,読書,,156,
八木橋,朋也,埼玉県,川口市,B,ゲーム,映画鑑賞,読書,,157,
八木橋,朋也,埼玉県,川口市,B,ゲーム,映画鑑賞,読書,,158,
八木橋,朋也,埼玉県,川口市,B,ゲーム,映画鑑賞,読書,,159,
八木橋,朋也,埼玉県,川口市,B,ゲーム,映画鑑賞,読書,,160,
八木橋,朋也,埼玉県,川口市,B,ゲーム,映画鑑賞,読書,,161,
八木橋,朋也,埼玉県,川口市,B,ゲーム,映画鑑賞,読書,,162,
八木橋,朋也,埼玉県,川口市,B,ゲーム,映画鑑賞,読書,,163,
八木橋,朋也,埼玉県,川口市,B,ゲーム,映画鑑賞,読書,,164,
八木橋,朋也,埼玉県,川口市,B,ゲーム,映画鑑賞,読書,,165,
八木橋,朋也,埼玉県,川口市,B,ゲーム,映画鑑賞,読書,,166,
八木橋,朋也,埼玉県,川口市,B,ゲーム,映画鑑賞,読書,,167,
八木橋,朋也,埼玉県,川口市,B,ゲーム,映画鑑賞,読書,,168,
八木橋,朋也,埼玉県,川口市,B,ゲーム,映画鑑賞,読書,,169,
八木橋,朋也,埼玉県,川口市,B,ゲーム,映画鑑賞,読書,,170,
八木橋,朋也,埼玉県,川口市,B,ゲーム,映画鑑賞,読書,,171,
八木橋,朋也,埼玉県,川口市,B,ゲーム,映画鑑賞,読書,,172,
八木橋,朋也,埼玉県,川口市,B,ゲーム,映画鑑賞,読書,,173,
八木橋,朋也,埼玉県,川口市,B,ゲーム,映画鑑賞,読書,,174,
八木橋,朋也,埼玉県,川口市,B,ゲーム,映画鑑賞,読書,,175,
八木橋,朋也,埼玉県,川口市,B,ゲーム,映画鑑賞,読書,,176,
八木橋,朋也,埼玉県,川口市,B,ゲーム,映画鑑賞,読書,,177,
八木橋,朋也,埼玉県,川口市,B,ゲーム,映画鑑賞,読書,,178,
八木橋,朋也,埼玉県,川口市,B,ゲーム,映画鑑賞,読書,,179,
八木橋,朋也,埼玉県,川口市,B,ゲーム,映画鑑賞,読書,,180,
八木橋,朋也,埼玉県,川口市,B,ゲーム,映画鑑賞,読書,,181,
八木橋,朋也,埼玉県,川口市,B,ゲーム,映画鑑賞,読書,,182,
八木橋,朋也,埼玉県,川口市,B,ゲーム,映画鑑賞,読書,,183,
八木橋,朋也,埼玉県,川口市,B,ゲーム,映画鑑賞,読書,,184,
八木橋,朋也,埼玉県,川口市,B,ゲーム,映画鑑賞,読書,,185,
八木橋,朋也,埼玉県,川口市,B,ゲーム,映画鑑賞,読書,,186,
八木橋,朋也,埼玉県,川口市,B,ゲーム,映画鑑賞,読書,,187,
八木橋,朋也,埼玉県,川口市,B,ゲーム,映画鑑賞,読書,,188,
八木橋,朋也,埼玉県,川口市,B,ゲーム,映画鑑賞,読書,,189,
八木橋,朋也,埼玉県,川口市,B,ゲーム,映画鑑賞,読書,,190,
八木橋,朋也,埼玉県,川口市,B,ゲーム,映画鑑賞,読書,,191,
八木橋,朋也,埼玉県,川口市,B,ゲーム,映画鑑賞,読書,,192,
八木橋,朋也,埼玉県,川口市,B,ゲーム,映画鑑賞,読書,,193,
八木橋,朋也,埼玉県,川口市,B,ゲーム,映画鑑賞,読書,,194,
八木橋,朋也,埼玉県,川口市,B,ゲーム,映画鑑賞,読書,,195,
八木橋,朋也,埼玉県,川口市,B,ゲーム,映画鑑賞,読書,,196,
八木橋,朋也,埼玉県,川口市,B,ゲーム,映画鑑賞,読書,,197,
八木橋,朋也,埼玉県,川口市,B,ゲーム,映画鑑賞,読書,,198,
八木橋,朋也,埼玉県,川口市,B,ゲーム,映画鑑賞,読書,,199,
八木橋,朋也,埼玉県,川口市,B,ゲーム,映画鑑賞,読書,,200,
八木橋,朋也,埼玉県,川口市,B,ゲーム,映画鑑賞,読書,,201,
八木橋,朋也,埼玉県,川口市,B,ゲーム,映画鑑賞,読書,,202,
八木橋,朋也,埼玉県,川口市,B,ゲーム,映画鑑賞,読書,,203,
八木橋,朋也,埼玉県,川口市,B,ゲーム,映画鑑賞,読書,,204,
八木橋,朋也,埼玉県,川口市,B,ゲーム,映画鑑賞,読書,,205,
八木橋,朋也,埼玉県,川口市,B,ゲーム,映画鑑賞,読書,,206,
八木橋,朋也,埼玉県,川口市,B,ゲーム,映画鑑賞,読書,,207,
八木橋,朋也,埼玉県,川口市,B,ゲーム,映画鑑賞,読書,,208,
八木橋,朋也,埼玉県,川口市,B,ゲーム,映画鑑賞,読書,,209,
八木橋,朋也,埼玉県,川口市,B,ゲーム,映画鑑賞,読書,,210,
八木橋,朋也,埼玉県,川口市,B,ゲーム,映画鑑賞,読書,,211,
八木橋,朋也,埼玉県,川口市,B,ゲーム,映画鑑賞,読書,,212,
八木橋,朋也,埼玉県,川口市,B,ゲーム,映画鑑賞,読書,,213,
八木橋,朋也,埼玉県,川口市,B,ゲーム,映画鑑賞,読書,,214,
八木橋,朋也,埼玉県,川口市,B,ゲーム,映画鑑賞,読書,,215,
八木橋,朋也,埼玉県,川口市,B,ゲーム,映画鑑賞,読書,,216,
八木橋,朋也,埼玉県,川口市,B,ゲーム,映画鑑賞,読書,,217,
八木橋,朋也,埼玉県,川口市,B,ゲーム,映画鑑賞,読書,,218,
八木橋,朋也,埼玉県,川口市,B,ゲーム,映画鑑賞,読書,,219,
八木橋,朋也,埼玉県,川口市,B,ゲーム,映画鑑賞,読書,,220,
八木橋,朋也,埼玉県,川口市,B,ゲーム,映画鑑賞,読書,,221,
八木橋,朋也,埼玉県,川口市,B,ゲーム,映画鑑賞,読書,,222,
八木橋,朋也,埼玉県,川口市,B,ゲーム,映画鑑賞,読書,,223,
八木橋,朋也,埼玉県,川口市,B,ゲーム,映画鑑賞,読書,,224,
八木橋,朋也,埼玉県,川口市,B,ゲーム,映画鑑賞,読書,,225,
八木橋,朋也,埼玉県,川口市,B,ゲーム,映画鑑賞,読書,,226,
八木橋,朋也,埼玉県,川口市,B,ゲーム,映画鑑賞,読書,,227,
八木橋,朋也,埼玉県,川口市,B,ゲーム,映画鑑賞,読書,,228,
八木橋,朋也,埼玉県,川口市,B,ゲーム,映画鑑賞,読書,,229,
八木橋,朋也,埼玉県,川口市,B,ゲーム,映画鑑賞,読書,,230,
八木橋,朋也,埼玉県,川口市,B,ゲーム,映画鑑賞,読書,,231,
八木橋,朋也,埼玉県,川口市,B,ゲーム,映画鑑賞,読書,,232,
八木橋,朋也,埼玉県,川口市,B,ゲーム,映画鑑賞,読書,,233,
八木橋,朋也,埼玉県,川口市,B,ゲーム,映画鑑賞,読書,,234,
八木橋,朋也,埼玉県,川口市,B,ゲーム,映画鑑賞,読書,,235,
八木橋,朋也,埼玉県,川口市,B,ゲーム,映画鑑賞,読書,,236,
八木橋,朋也,埼玉県,川口市,B,ゲーム,映画鑑賞,読書,,237,
八木橋,朋也,埼玉県,川口市,B,ゲーム,映画鑑賞,読書,,238,
八木橋,朋也,埼玉県,川口市,B,ゲーム,映画鑑賞,読書,,239,
八木橋,朋也,埼玉県,川口市,B,ゲーム,映画鑑賞,読書,,240,
八木橋,朋也,埼玉県,川口市,B,ゲーム,映画鑑賞,読書,,241,
八木橋,朋也,埼玉県,川口市,B,ゲーム,映画鑑賞,読書,,242,
八木橋,朋也,埼玉県,川口市,B,ゲーム,映画鑑賞,読書,,243,
八木橋,朋也,埼玉県,川口市,B,ゲーム,映画鑑賞,読書,,244,
八木橋,朋也,埼玉県,川口市,B,ゲーム,映画鑑賞,読書,,245,
八木橋,朋也,埼玉県,川口市,B,ゲーム,映画鑑賞,読書,,246,
八木橋,朋也,埼玉県,川口市,B,ゲーム,映画鑑賞,読書,,247,
八木橋,朋也,埼玉県,川口市,B,ゲーム,映画鑑賞,読書,,248,
八木橋,朋也,埼玉県,川口市,B,ゲーム,映画鑑賞,読書,,249,
八木橋,朋也,埼玉県,川口市,B,ゲーム,映画鑑賞,読書,,250,
八木橋,朋也,埼玉県,川口市,B,ゲーム,映画鑑賞,読書,,251,
八木橋,朋也,埼玉県,川口市,B,ゲーム,映画鑑賞,読書,,252,
八木橋,朋也,埼玉県,川口市,B,ゲーム,映画鑑賞,読書,,253,
八木橋,朋也,埼玉県,川口市,B,ゲーム,映画鑑賞,読書,,254,
八木橋,朋也,埼玉県,川口市,B,ゲーム,映画鑑賞,読書,,255,
八木橋,朋也,埼玉県,川口市,B,ゲーム,映画鑑賞,読書,,256,
八木橋,朋也,埼玉県,川口市,B,ゲーム,映画鑑賞,読書,,257,
八木橋,朋也,埼玉県,川口市,B,ゲーム,映画鑑賞,読書,,258,
八木橋,朋也,埼玉県,川口市,B,ゲーム,映画鑑賞,読書,,259,
八木橋,朋也,埼玉県,川口市,B,ゲーム,映画鑑賞,読書,,260,
八木橋,朋也,埼玉県,川口市,B,ゲーム,映画鑑賞,読書,,261,
八木橋,朋也,埼玉県,川口市,B,ゲーム,映画鑑賞,読書,,262,
八木橋,朋也,埼玉県,川口市,B,ゲーム,映画鑑賞,読書,,263,
八木橋,朋也,埼玉県,川口市,B,ゲーム,映画鑑賞,読書,,264,
八木橋,朋也,埼玉県,川口市,B,ゲーム,映画鑑賞,読書,,265,
八木橋,朋也,埼玉県,川口市,B,ゲーム,映画鑑賞,読書,,266,
八木橋,朋也,埼玉県,川口市,B,ゲーム,映画鑑賞,読書,,267,
八木橋,朋也,埼玉県,川口市,B,ゲーム,映画鑑賞,読書,,268,
八木橋,朋也,埼玉県,川口市,B,ゲーム,映画鑑賞,読書,,269,
八木橋,朋也,埼玉県,川口市,B,ゲーム,映画鑑賞,読書,,270,
八木橋,朋也,埼玉県,川口市,B,ゲーム,映画鑑賞,読書,,271,
八木橋,朋也,埼玉県,川口市,B,ゲーム,映画鑑賞,読書,,272,
八木橋,朋也,埼玉県,川口市,B,ゲーム,映画鑑賞,読書,,273,
八木橋,朋也,埼玉県,川口市,B,ゲーム,映画鑑賞,読書,,274,
八木橋,朋也,埼玉県,川口市,B,ゲーム,映画鑑賞,読書,,275,
八木橋,朋也,埼玉県,川口市,B,ゲーム,映画鑑賞,読書,,276,
八木橋,朋也,埼玉県,川口市,B,ゲーム,映画鑑賞,読書,,277,
八木橋,朋也,埼玉県,川口市,B,ゲーム,映画鑑賞,読書,,278,
八木橋,朋也,埼玉県,川口市,B,ゲーム,映画鑑賞,読書,,279,
八木橋,朋也,埼玉県,川口市,B,ゲーム,映画鑑賞,読書,,280,
八木橋,朋也,埼玉県,川口市,B,ゲーム,映画鑑賞,読書,,281,
八木橋,朋也,埼玉県,川口市,B,ゲーム,映画鑑賞,読書,,282,
八木橋,朋也,埼玉県,川口市,B,ゲーム,映画鑑賞,読書,,283,
八木橋,朋也,埼玉県,川口市,B,ゲーム,映画鑑賞,読書,,284,
八木橋,朋也,埼玉県,川口市,B,ゲーム,映画鑑賞,読書,,285,
八木橋,朋也,埼玉県,川口市,B,ゲーム,映画鑑賞,読書,,286,
八木橋,朋也,埼玉県,川口市,B,ゲーム,映画鑑賞,読書,,287,
八木橋,朋也,埼玉県,川口市,B,ゲーム,映画鑑賞,読書,,288,
八木橋,朋也,埼玉県,川口市,B,ゲーム,映画鑑賞,読書,,289,
八木橋,朋也,埼玉県,川口市,B,ゲーム,映画鑑賞,読書,,290,
八木橋,朋也,埼玉県,川口市,B,ゲーム,映画鑑賞,読書,,291,
八木橋,朋也,埼玉県,川口市,B,ゲーム,映画鑑賞,読書,,292,
八木橋,朋也,埼玉県,川口市,B,ゲーム,映画鑑賞,読書,,293,
八木橋,朋也,埼玉県,川口市,B,ゲーム,映画鑑賞,読書,,294,
八木橋,朋也,埼玉県,川口市,B,ゲーム,映画鑑賞,読書,,295,
八木橋,朋也,埼玉県,川口市,B,ゲーム,映画鑑賞,読書,,296,
八木橋,朋也,埼玉県,川口市,B,ゲーム,映画鑑賞,読書,,297,
八木橋,朋也,埼玉県,川口市,B,ゲーム,映画鑑賞,読書,,298,
八木橋,朋也,埼玉県,川口市,B,ゲーム,映画鑑賞,読書,,299,
八木橋,朋也,埼玉県,川口市,B,ゲーム,映画鑑賞,読書,,300,
八木橋,朋也,埼玉県,川口市,B,ゲーム,映画鑑賞,読書,,301,
八木橋,朋也,埼玉県,川口市,B,ゲーム,映画鑑賞,読書,,302,
八木橋,朋也,埼玉県,川口市,B,ゲーム,映画鑑賞,読書,,303,
八木橋,朋也,埼玉県,川口市,B,ゲーム,映画鑑賞,読書,,304,
八木橋,朋也,埼玉県,川口市,B,ゲーム,映画鑑賞,読書,,305,
八木橋,朋也,埼玉県,川口市,B,ゲーム,映画鑑賞,読書,,306,
八木橋,朋也,埼玉県,川口市,B,ゲーム,映画鑑賞,読書,,307,
八木橋,朋也,埼玉県,川口市,B,ゲーム,映画鑑賞,読書,,308,
八木橋,朋也,埼玉県,川口市,B,ゲーム,映画鑑賞,読書,,309,
八木橋,朋也,埼玉県,川口市,B,ゲーム,映画鑑賞,読書,,310,
八木橋,朋也,埼玉県,川口市,B,ゲーム,映画鑑賞,読書,,311,
八木橋,朋也,埼玉県,川口市,B,ゲーム,映画鑑賞,読書,,312,
八木橋,朋也,埼玉県,川口市,B,ゲーム,映画鑑賞,読書,,313,
八木橋,朋也,埼玉県,川口市,B,ゲーム,映画鑑賞,読書,,314,
八木橋,朋也,埼玉県,川口市,B,ゲーム,映画鑑賞,読書,,315,
八木橋,朋也,埼玉県,川口市,B,ゲーム,映画鑑賞,読書,,316,
八木橋,朋也,埼玉県,川口市,B,ゲーム,映画鑑賞,読書,,317,
八木橋,朋也,埼玉県,川口市,B,ゲーム,映画鑑賞,読書,,318,
八木橋,朋也,埼玉県,川口市,B,ゲーム,映画鑑賞,読書,,319,
八木橋,朋也,埼玉県,川口市,B,ゲーム,映画鑑賞,読書,,320,
八木橋,朋也,埼玉県,川口市,B,ゲーム,映画鑑賞,読書,,321,
八木橋,朋也,埼玉県,川口市,B,ゲーム,映画鑑賞,読書,,322,
八木橋,朋也,埼玉県,川口市,B,ゲーム,映画鑑賞,読書,,323,
八木橋,朋也,埼玉県,川口市,B,ゲーム,映画鑑賞,読書,,324,
八木橋,朋也,埼玉県,川口市,B,ゲーム,映画鑑賞,読書,,325,
八木橋,朋也,埼玉県,川口市,B,ゲーム,映画鑑賞,読書,,326,
八木橋,朋也,埼玉県,川口市,B,ゲーム,映画鑑賞,読書,,327,
八木橋,朋也,埼玉県,川口市,B,ゲーム,映画鑑賞,読書,,328,
八木橋,朋也,埼玉県,川口市,B,ゲーム,映画鑑賞,読書,,329,
八木橋,朋也,埼玉県,川口市,B,ゲーム,映画鑑賞,読書,,330,
八木橋,朋也,埼玉県,川口市,B,ゲーム,映画鑑賞,読書,,331,
八木橋,朋也,埼玉県,川口市,B,ゲーム,映画鑑賞,読書,,332,
八木橋,朋也,埼玉県,川口市,B,ゲーム,映画鑑賞,読書,,333,
八木橋,朋也,埼玉県,川口市,B,ゲーム,映画鑑賞,読書,,334,
八木橋,朋也,埼玉県,川口市,B,ゲーム,映画鑑賞,読書,,335,
八木橋,朋也,埼玉県,川口市,B,ゲーム,映画鑑賞,読書,,336,
八木橋,朋也,埼玉県,川口市,B,ゲーム,映画鑑賞,読書,,337,
八木橋,朋也,埼玉県,川口市,B,ゲーム,映画鑑賞,読書,,338,
八木橋,朋也,埼玉県,川口市,B,ゲーム,映画鑑賞,読書,,339,
八木橋,朋也,埼玉県,川口市,B,ゲーム,映画鑑賞,読書,,340,
八木橋,朋也,埼玉県,川口市,B,ゲーム,映画鑑賞,読書,,341,
八木橋,朋也,埼玉県,川口市,B,ゲーム,映画鑑賞,読書,,342,
八木橋,朋也,埼玉県,川口市,B,ゲーム,映画鑑賞,読書,,343,
八木橋,朋也,埼玉県,川口市,B,ゲーム,映画鑑賞,読書,,344,
八木橋,朋也,埼玉県,川口市,B,ゲーム,映画鑑賞,読書,,345,
八木橋,朋也,埼玉県,川口市,B,ゲーム,映画鑑賞,読書,,346,
八木橋,朋也,埼玉県,川口市,B,ゲーム,映画鑑賞,読書,,347,
八木橋,朋也,埼玉県,川口市,B,ゲーム,映画鑑賞,読書,,348,
八木橋,朋也,埼玉県,川口市,B,ゲーム,映画鑑賞,読書,,349,
八木橋,朋也,埼玉県,川口市,B,ゲーム,映画鑑賞,読書,,350,
八木橋,朋也,埼玉県,川口市,B,ゲーム,映画鑑賞,読書,,351,
八木橋,朋也,埼玉県,川口市,B,ゲーム,映画鑑賞,読書,,352,
八木橋,朋也,埼玉県,川口市,B,ゲーム,映画鑑賞,読書,,353,
八木橋,朋也,埼玉県,川口市,B,ゲーム,映画鑑賞,読書,,354,
八木橋,朋也,埼玉県,川口市,B,ゲーム,映画鑑賞,読書,,355,
八木橋,朋也,埼玉県,川口市,B,ゲーム,映画鑑賞,読書,,356,
八木橋,朋也,埼玉県,川口市,B,ゲーム,映画鑑賞,読書,,357,
八木橋,朋也,埼玉県,川口市,B,ゲーム,映画鑑賞,読書,,358,
八木橋,朋也,埼玉県,川口市,B,ゲーム,映画鑑賞,読書,,359,
八木橋,朋也,埼玉県,川口市,B,ゲーム,映画鑑賞,読書,,360,
八木橋,朋也,埼玉県,川口市,B,ゲーム,映画鑑賞,読書,,361,
八木橋,朋也,埼玉県,川口市,B,ゲーム,映画鑑賞,読書,,362,
八木橋,朋也,埼玉県,川口市,B,ゲーム,映画鑑賞,読書,,363,
八木橋,朋也,埼玉県,川口市,B,ゲーム,映画鑑賞,読書,,364,
八木橋,朋也,埼玉県,川口市,B,ゲーム,映画鑑賞,読書,,365,
八木橋,朋也,埼玉県,川口市,B,ゲーム,映画鑑賞,読書,,366,
八木橋,朋也,埼玉県,川口市,B,ゲーム,映画鑑賞,読書,,367,
八木橋,朋也,埼玉県,川口市,B,ゲーム,映画鑑賞,読書,,368,
八木橋,朋也,埼玉県,川口市,B,ゲーム,映画鑑賞,読書,,369,
八木橋,朋也,埼玉県,川口市,B,ゲーム,映画鑑賞,読書,,370,
八木橋,朋也,埼玉県,川口市,B,ゲーム,映画鑑賞,読書,,371,
八木橋,朋也,埼玉県,川口市,B,ゲーム,映画鑑賞,読書,,372,
八木橋,朋也,埼玉県,川口市,B,ゲーム,映画鑑賞,読書,,373,
八木橋,朋也,埼玉県,川口市,B,ゲーム,映画鑑賞,読書,,374,
八木橋,朋也,埼玉県,川口市,B,ゲーム,映画鑑賞,読書,,375,
八木橋,朋也,埼玉県,川口市,B,ゲーム,映画鑑賞,読書,,376,
八木橋,朋也,埼玉県,川口市,B,ゲーム,映画鑑賞,読書,,377,
八木橋,朋也,埼玉県,川口市,B,ゲーム,映画鑑賞,読書,,378,
八木橋,朋也,埼玉県,川口市,B,ゲーム,映画鑑賞,読書,,379,
八木橋,朋也,埼玉県,川口市,B,ゲーム,映画鑑賞,読書,,380,
八木橋,朋也,埼玉県,川口市,B,ゲーム,映画鑑賞,読書,,381,
八木橋,朋也,埼玉県,川口市,B,ゲーム,映画鑑賞,読書,,382,
八木橋,朋也,埼玉県,川口市,B,ゲーム,映画鑑賞,読書,,383,
八木橋,朋也,埼玉県,川口市,B,ゲーム,映画鑑賞,読書,,384,
八木橋,朋也,埼玉県,川口市,B,ゲーム,映画鑑賞,読書,,385,
八木橋,朋也,埼玉県,川口市,B,ゲーム,映画鑑賞,読書,,386,
八木橋,朋也,埼玉県,川口市,B,ゲーム,映画鑑賞,読書,,387,
八木橋,朋也,埼玉県,川口市,B,ゲーム,映画鑑賞,読書,,388,
八木橋,朋也,埼玉県,川口市,B,ゲーム,映画鑑賞,読書,,389,
八木橋,朋也,埼玉県,川口市,B,ゲーム,映画鑑賞,読書,,390,
八木橋,朋也,埼玉県,川口市,B,ゲーム,映画鑑賞,読書,,391,
八木橋,朋也,埼玉県,川口市,B,ゲーム,映画鑑賞,読書,,392,
八木橋,朋也,埼玉県,川口市,B,ゲーム,映画鑑賞,読書,,393,
八木橋,朋也,埼玉県,川口市,B,ゲーム,映画鑑賞,読書,,394,
八木橋,朋也,埼玉県,川口市,B,ゲーム,映画鑑賞,読書,,395,
八木橋,朋也,埼玉県,川口市,B,ゲーム,映画鑑賞,読書,,396,
八木橋,朋也,埼玉県,川口市,B,ゲーム,映画鑑賞,読書,,397,
八木橋,朋也,埼玉県,川口市,B,ゲーム,映画鑑賞,読書,,398,
八木橋,朋也,埼玉県,川口市,B,ゲーム,映画鑑賞,読書,,399,
八木橋,朋也,埼玉県,川口市,B,ゲーム,映画鑑賞,読書,,400,
八木橋,朋也,埼玉県,川口市,B,ゲーム,映画鑑賞,読書,,401,
八木橋,朋也,埼玉県,川口市,B,ゲーム,映画鑑賞,読書,,402,
八木橋,朋也,埼玉県,川口市,B,ゲーム,映画鑑賞,読書,,403,
八木橋,朋也,埼玉県,川口市,B,ゲーム,映画鑑賞,読書,,404,
八木橋,朋也,埼玉県,川口市,B,ゲーム,映画鑑賞,読書,,405,
八木橋,朋也,埼玉県,川口市,B,ゲーム,映画鑑賞,読書,,406,
八木橋,朋也,埼玉県,川口市,B,ゲーム,映画鑑賞,読書,,407,
八木橋,朋也,埼玉県,川口市,B,ゲーム,映画鑑賞,読書,,408,
八木橋,朋也,埼玉県,川口市,B,ゲーム,映画鑑賞,読書,,409,
八木橋,朋也,埼玉県,川口市,B,ゲーム,映画鑑賞,読書,,410,
八木橋,朋也,埼玉県,川口市,B,ゲーム,映画鑑賞,読書,,411,
八木橋,朋也,埼玉県,川口市,B,ゲーム,映画鑑賞,読書,,412,
八木橋,朋也,埼玉県,川口市,B,ゲーム,映画鑑賞,読書,,413,
八木橋,朋也,埼玉県,川口市,B,ゲーム,映画鑑賞,読書,,414,
八木橋,朋也,埼玉県,川口市,B,ゲーム,映画鑑賞,読書,,415,
八木橋,朋也,埼玉県,川口市,B,ゲーム,映画鑑賞,読書,,416,
八木橋,朋也,埼玉県,川口市,B,ゲーム,映画鑑賞,読書,,417,
八木橋,朋也,埼玉県,川口市,B,ゲーム,映画鑑賞,読書,,418,
八木橋,朋也,埼玉県,川口市,B,ゲーム,映画鑑賞,読書,,419,
八木橋,朋也,埼玉県,川口市,B,ゲーム,映画鑑賞,読書,,420,
八木橋,朋也,埼玉県,川口市,B,ゲーム,映画鑑賞,読書,,421,
八木橋,朋也,埼玉県,川口市,B,ゲーム,映画鑑賞,読書,,422,
八木橋,朋也,埼玉県,川口市,B,ゲーム,映画鑑賞,読書,,423,
八木橋,朋也,埼玉県,川口市,B,ゲーム,映画鑑賞,読書,,424,
八木橋,朋也,埼玉県,川口市,B,ゲーム,映画鑑賞,読書,,425,
八木橋,朋也,埼玉県,川口市,B,ゲーム,映画鑑賞,読書,,426,
八木橋,朋也,埼玉県,川口市,B,ゲーム,映画鑑賞,読書,,427,
八木橋,朋也,埼玉県,川口市,B,ゲーム,映画鑑賞,読書,,428,
八木橋,朋也,埼玉県,川口市,B,ゲーム,映画鑑賞,読書,,429,
八木橋,朋也,埼玉県,川口市,B,ゲーム,映画鑑賞,読書,,430,
八木橋,朋也,埼玉県,川口市,B,ゲーム,映画鑑賞,読書,,431,
八木橋,朋也,埼玉県,川口市,B,ゲーム,映画鑑賞,読書,,432,
八木橋,朋也,埼玉県,川口市,B,ゲーム,映画鑑賞,読書,,433,
八木橋,朋也,埼玉県,川口市,B,ゲーム,映画鑑賞,読書,,434,
八木橋,朋也,埼玉県,川口市,B,ゲーム,映画鑑賞,読書,,435,
八木橋,朋也,埼玉県,川口市,B,ゲーム,映画鑑賞,読書,,436,
八木橋,朋也,埼玉県,川口市,B,ゲーム,映画鑑賞,読書,,437,
八木橋,朋也,埼玉県,川口市,B,ゲーム,映画鑑賞,読書,,438,
八木橋,朋也,埼玉県,川口市,B,ゲーム,映画鑑賞,読書,,439,
八木橋,朋也,埼玉県,川口市,B,ゲーム,映画鑑賞,読書,,440,
八木橋,朋也,埼玉県,川口市,B,ゲーム,映画鑑賞,読書,,441,
八木橋,朋也,埼玉県,川口市,B,ゲーム,映画鑑賞,読書,,442,
八木橋,朋也,埼玉県,川口市,B,ゲーム,映画鑑賞,読書,,443,
八木橋,朋也,埼玉県,川口市,B,ゲーム,映画鑑賞,読書,,444,
八木橋,朋也,埼玉県,川口市,B,ゲーム,映画鑑賞,読書,,445,
八木橋,朋也,埼玉県,川口市,B,ゲーム,映画鑑賞,読書,,446,
八木橋,朋也,埼玉県,川口市,B,ゲーム,映画鑑賞,読書,,447,
八木橋,朋也,埼玉県,川口市,B,ゲーム,映画鑑賞,読書,,448,
八木橋,朋也,埼玉県,川口市,B,ゲーム,映画鑑賞,読書,,449,
八木橋,朋也,埼玉県,川口市,B,ゲーム,映画鑑賞,読書,,450,
八木橋,朋也,埼玉県,川口市,B,ゲーム,映画鑑賞,読書,,451,
八木橋,朋也,埼玉県,川口市,B,ゲーム,映画鑑賞,読書,,452,
八木橋,朋也,埼玉県,川口市,B,ゲーム,映画鑑賞,読書,,453,
八木橋,朋也,埼玉県,川口市,B,ゲーム,映画鑑賞,読書,,454,
八木橋,朋也,埼玉県,川口市,B,ゲーム,映画鑑賞,読書,,455,
八木橋,朋也,埼玉県,川口市,B,ゲーム,映画鑑賞,読書,,456,
八木橋,朋也,埼玉県,川口市,B,ゲーム,映画鑑賞,読書,,457,
八木橋,朋也,埼玉県,川口市,B,ゲーム,映画鑑賞,読書,,458,
八木橋,朋也,埼玉県,川口市,B,ゲーム,映画鑑賞,読書,,459,
八木橋,朋也,埼玉県,川口市,B,ゲーム,映画鑑賞,読書,,460,
八木橋,朋也,埼玉県,川口市,B,ゲーム,映画鑑賞,読書,,461,
八木橋,朋也,埼玉県,川口市,B,ゲーム,映画鑑賞,読書,,462,
八木橋,朋也,埼玉県,川口市,B,ゲーム,映画鑑賞,読書,,463,
八木橋,朋也,埼玉県,川口市,B,ゲーム,映画鑑賞,読書,,464,
八木橋,朋也,埼玉県,川口市,B,ゲーム,映画鑑賞,読書,,465,
八木橋,朋也,埼玉県,川口市,B,ゲーム,映画鑑賞,読書,,466,
八木橋,朋也,埼玉県,川口市,B,ゲーム,映画鑑賞,読書,,467,
八木橋,朋也,埼玉県,川口市,B,ゲーム,映画鑑賞,読書,,468,
八木橋,朋也,埼玉県,川口市,B,ゲーム,映画鑑賞,読書,,469,
八木橋,朋也,埼玉県,川口市,B,ゲーム,映画鑑賞,読書,,470,
八木橋,朋也,埼玉県,川口市,B,ゲーム,映画鑑賞,読書,,471,
八木橋,朋也,埼玉県,川口市,B,ゲーム,映画鑑賞,読書,,472,
八木橋,朋也,埼玉県,川口市,B,ゲーム,映画鑑賞,読書,,473,
八木橋,朋也,埼玉県,川口市,B,ゲーム,映画鑑賞,読書,,474,
八木橋,朋也,埼玉県,川口市,B,ゲーム,映画鑑賞,読書,,475,
八木橋,朋也,埼玉県,川口市,B,ゲーム,映画鑑賞,読書,,476,
八木橋,朋也,埼玉県,川口市,B,ゲーム,映画鑑賞,読書,,477,
八木橋,朋也,埼玉県,川口市,B,ゲーム,映画鑑賞,読書,,478,
八木橋,朋也,埼玉県,川口市,B,ゲーム,映画鑑賞,読書,,479,
八木橋,朋也,埼玉県,川口市,B,ゲーム,映画鑑賞,読書,,480,
八木橋,朋也,埼玉県,川口市,B,ゲーム,映画鑑賞,読書,,481,
八木橋,朋也,埼玉県,川口市,B,ゲーム,映画鑑賞,読書,,482,
八木橋,朋也,埼玉県,川口市,B,ゲーム,映画鑑賞,読書,,483,
八木橋,朋也,埼玉県,川口市,B,ゲーム,映画鑑賞,読書,,484,
八木橋,朋也,埼玉県,川口市,B,ゲーム,映画鑑賞,読書,,485,
八木橋,朋也,埼玉県,川口市,B,ゲーム,映画鑑賞,読書,,486,
八木橋,朋也,埼玉県,川口市,B,ゲーム,映画鑑賞,読書,,487,
八木橋,朋也,埼玉県,川口市,B,ゲーム,映画鑑賞,読書,,488,
八木橋,朋也,埼玉県,川口市,B,ゲーム,映画鑑賞,読書,,489,
八木橋,朋也,埼玉県,川口市,B,ゲーム,映画鑑賞,読書,,490,
八木橋,朋也,埼玉県,川口市,B,ゲーム,映画鑑賞,読書,,491,
八木橋,朋也,埼玉県,川口市,B,ゲーム,映画鑑賞,読書,,492,
八木橋,朋也,埼玉県,川口市,B,ゲーム,映画鑑賞,読書,,493,
八木橋,朋也,埼玉県,川口市,B,ゲーム,映画鑑賞,読書,,494,
八木橋,朋也,埼玉県,川口市,B,ゲーム,映画鑑賞,読書,,495,
八木橋,朋也,埼玉県,川口市,B,ゲーム,映画鑑賞,読書,,496,
八木橋,朋也,埼玉県,川口市,B,ゲーム,映画鑑賞,読書,,497,
八木橋,朋也,埼玉県,川口市,B,ゲーム,映画鑑賞,読書,,498,
八木橋,朋也,埼玉県,川口市,B,ゲーム,映画鑑賞,読書,,499,
八木橋,朋也,埼玉県,川口市,B,ゲーム,映画鑑賞,読書,,500,